Final Database Assignment

Q1) 
=> 
mysql> create database final_database_assignment;
Query OK, 1 row affected (0.04 sec)

mysql> use final_database_assignment;
Database changed

mysql> create table doctor(doctor_id int primary key auto_increment, doctor_name varchar(20), doctor_age int not null, doctor_gender char(1), doctor_city varchar(20) not null, specialization varchar(20), years_of_experience int, salary decimal(10,2));
Query OK, 0 rows affected (0.08 sec)

Q2) 
=>
mysql> create table patients(patient_id int primary key auto_increment, patient_name varchar(20), patient_age int not null, patient_gender char(1), patient_city varchar(20) not null, date_of_admission date, patient_status varchar(15), doctor_id int references doctor(doctor_id));
Query OK, 0 rows affected (0.05 sec)

--Insertions--

In doctor table;
=>

mysql> insert into doctor values (1, "Anand",30,"M","Ahmedabad", "Surgery", 5, 25000.00);
Query OK, 1 row affected (0.02 sec)

mysql> insert into doctor values (2, "Naresh",45,"M","Ahmedabad", "Heart", 15, 60000.00);
Query OK, 1 row affected (0.01 sec)

mysql> insert into doctor values (3, "Reema",38,"F","Nagpur", "Gynac", 12, 40000.00);
Query OK, 1 row affected (0.01 sec)

mysql> insert into doctor values (4, "Ajay",25,"M","Ahmedabad", "Heart", 1, 20000.00);
Query OK, 1 row affected (0.01 sec)

mysql> insert into doctor values (5, "Seeta",27,"F","Pune", "Teeth", 2, 25000.00);
Query OK, 1 row affected (0.01 sec)

mysql> insert into doctor values (6, "Gayatri", 30, "F", "Mumbai", "Neurology", 3, 28000.00);
Query OK, 1 row affected (0.01 sec)

mysql> insert into doctor values (7, "Suraj", 40, "M", "Mumbai", "Neurology", 6, 40000.00);
Query OK, 1 row affected (0.01 sec)

mysql> insert into doctor values (8, "Jayesh", 28, "M", "Pune", "Teeth", 1, 25000.00);
Query OK, 1 row affected (0.01 sec)

In patients table,
=>
mysql> insert into patients values(1,"Soham",22,"M","Pune","2023-12-23","discharged",5);
Query OK, 1 row affected (0.01 sec)

mysql> insert into patients values(2,"Isha",23,"F","Pune","2024-1-23","admitted",8);
Query OK, 1 row affected (0.01 sec)

mysql> insert into patients values(3,"Saee",25,"F","Mumbai","2024-2-23","admitted",7);
Query OK, 1 row affected (0.01 sec)

mysql> insert into patients values(4,"Yash",20,"M","Mumbai","2023-12-13","discharged",6);
Query OK, 1 row affected (0.01 sec)

mysql> insert into patients values(5,"Atharva",30,"M","Ahmedabad","2023-11-11","discharged",1);
Query OK, 1 row affected (0.01 sec)

mysql> insert into patients values(6,"Satish",35,"M","Ahmedabad","2023-11-21","discharged",4);
Query OK, 1 row affected (0.01 sec)

mysql> insert into patients values(7,"Dipali",30,"F","Pune","2024-2-6","admitted",8);
Query OK, 1 row affected (0.01 sec)

mysql> insert into patients values(8,"Nilesh",40,"M","Mumbai","2023-12-16","admitted",7);
Query OK, 1 row affected (0.01 sec)

Q3) 
=>

Q4)
=>

Q5) 
=>
mysql> select * from patients where patient_city in ("Pune","Mumbai");
+------------+--------------+-------------+----------------+--------------+-------------------+----------------+-----------+
| patient_id | patient_name | patient_age | patient_gender | patient_city | date_of_admission | patient_status | doctor_id |
+------------+--------------+-------------+----------------+--------------+-------------------+----------------+-----------+
|          1 | Soham        |          22 | M              | Pune         | 2023-12-23        | discharged     |         5 |
|          2 | Isha         |          23 | F              | Pune         | 2024-01-23        | admitted       |         8 |
|          3 | Saee         |          25 | F              | Mumbai       | 2024-02-23        | admitted       |         7 |
|          4 | Yash         |          20 | M              | Mumbai       | 2023-12-13        | discharged     |         6 |
|          7 | Dipali       |          30 | F              | Pune         | 2024-02-06        | admitted       |         8 |
|          8 | Nilesh       |          40 | M              | Mumbai       | 2023-12-16        | admitted       |         7 |
+------------+--------------+-------------+----------------+--------------+-------------------+----------------+-----------+
6 rows in set (0.00 sec)

Q6)
=>
mysql> select * from doctor where doctor_city="Ahmedabad" and doctor_name like "A%";
+-----------+-------------+------------+---------------+-------------+----------------+---------------------+----------+
| doctor_id | doctor_name | doctor_age | doctor_gender | doctor_city | specialization | years_of_experience | salary   |
+-----------+-------------+------------+---------------+-------------+----------------+---------------------+----------+
|         1 | Anand       |         30 | M             | Ahmedabad   | Surgery        |                   5 | 25000.00 |
|         4 | Ajay        |         25 | M             | Ahmedabad   | Heart          |                   1 | 20000.00 |
+-----------+-------------+------------+---------------+-------------+----------------+---------------------+----------+
2 rows in set (0.00 sec)

Q7)
=>
mysql> select * from doctor where years_of_experience>=4;
+-----------+-------------+------------+---------------+-------------+----------------+---------------------+----------+
| doctor_id | doctor_name | doctor_age | doctor_gender | doctor_city | specialization | years_of_experience | salary   |
+-----------+-------------+------------+---------------+-------------+----------------+---------------------+----------+
|         1 | Anand       |         30 | M             | Ahmedabad   | Surgery        |                   5 | 25000.00 |
|         2 | Naresh      |         45 | M             | Ahmedabad   | Heart          |                  15 | 60000.00 |
|         3 | Reema       |         38 | F             | Nagpur      | Gynac          |                  12 | 40000.00 |
|         7 | Suraj       |         40 | M             | Mumbai      | Neurology      |                   6 | 40000.00 |
+-----------+-------------+------------+---------------+-------------+----------------+---------------------+----------+
4 rows in set (0.00 sec)

Q8)
=>
mysql> update doctor set salary=salary+1000 where years_of_experience>5;
Query OK, 3 rows affected (0.01 sec)
Rows matched: 3  Changed: 3  Warnings: 0

mysql> select * from doctor;
+-----------+-------------+------------+---------------+-------------+----------------+---------------------+----------+
| doctor_id | doctor_name | doctor_age | doctor_gender | doctor_city | specialization | years_of_experience | salary   |
+-----------+-------------+------------+---------------+-------------+----------------+---------------------+----------+
|         1 | Anand       |         30 | M             | Ahmedabad   | Surgery        |                   5 | 25000.00 |
|         2 | Naresh      |         45 | M             | Ahmedabad   | Heart          |                  15 | 61000.00 |
|         3 | Reema       |         38 | F             | Nagpur      | Gynac          |                  12 | 41000.00 |
|         4 | Ajay        |         25 | M             | Ahmedabad   | Heart          |                   1 | 20000.00 |
|         5 | Seeta       |         27 | F             | Pune        | Teeth          |                   2 | 25000.00 |
|         6 | Gayatri     |         30 | F             | Mumbai      | Neurology      |                   3 | 28000.00 |
|         7 | Suraj       |         40 | M             | Mumbai      | Neurology      |                   6 | 41000.00 |
|         8 | Jayesh      |         28 | M             | Pune        | Teeth          |                   1 | 25000.00 |
+-----------+-------------+------------+---------------+-------------+----------------+---------------------+----------+
8 rows in set (0.00 sec)

Q9)
=>
mysql> select patient_city,count(patient_id) as no_of_patients from patients group by patient_city;
+--------------+----------------+
| patient_city | no_of_patients |
+--------------+----------------+
| Pune         |              3 |
| Mumbai       |              3 |
| Ahmedabad    |              2 |
+--------------+----------------+
3 rows in set (0.00 sec)

Q10)
=>
mysql> select patient_name,doctor_name,patient_status from patients inner join doctor on patients.doctor_id=doctor.doctor_id where patient_status="discharged" and doctor.years_of_experience>3;
+--------------+-------------+----------------+
| patient_name | doctor_name | patient_status |
+--------------+-------------+----------------+
| Atharva      | Anand       | discharged     |
+--------------+-------------+----------------+
1 row in set (0.00 sec)

Q11)
=>


Q12)
=> Method 1
mysql> create table storeData(data_id int primary key auto_increment, image blob, video blob);
Query OK, 0 rows affected (0.06 sec)

mysql> desc storeData;
+---------+------+------+-----+---------+----------------+
| Field   | Type | Null | Key | Default | Extra          |
+---------+------+------+-----+---------+----------------+
| data_id | int  | NO   | PRI | NULL    | auto_increment |
| image   | blob | YES  |     | NULL    |                |
| video   | blob | YES  |     | NULL    |                |
+---------+------+------+-----+---------+----------------+
3 rows in set (0.00 sec)

=>Method 2
mysql> create table storeDataAsPath(data_id int primary key auto_increment, image varchar(50), video varchar(50));
Query OK, 0 rows affected (0.06 sec)

mysql> insert into storeDataAsPath(1,"C:\Users\Coditas\Pictures\Saved Pictures\coditas logo.png", "C:\Users\Coditas\Videos\Captures\newVideo.mp3");

mysql> desc storeDataAsPath;
+---------+-------------+------+-----+---------+----------------+
| Field   | Type        | Null | Key | Default | Extra          |
+---------+-------------+------+-----+---------+----------------+
| data_id | int         | NO   | PRI | NULL    | auto_increment |
| image   | varchar(50) | YES  |     | NULL    |                |
| video   | varchar(50) | YES  |     | NULL    |                |
+---------+-------------+------+-----+---------+----------------+
3 rows in set (0.00 sec)

mysql> select * from storeDataAsPath;
+---------+----------------------------------+------------------------------+
| data_id | image                            | video                        |
+---------+----------------------------------+------------------------------+
|       1 | C:Saved Picturescoditas logo.png | C:VideosCaptures
ewVideo.mp3 |
+---------+----------------------------------+------------------------------+
1 row in set (0.00 sec)